control_conversion,variant_conversion,uplift_pct,z_score,p_value,decision
0.06535618279569892,0.08432539682539683,29.024360386828274,3.946539146837176,7.928896299769228e-05,ship variant
