ab_group,users,revenue,arpu,visit_rate,visit_count,product_view_rate,product_view_count,add_to_cart_rate,add_to_cart_count,checkout_rate,checkout_count,purchase_rate,purchase_count
control,5952,47468.79,7.9752671370967745,1.0,5952,0.5794690860215054,3449,0.17708333333333334,1054,0.09442204301075269,562,0.06535618279569892,389
variant,6048,65290.79,10.795434854497355,1.0,6048,0.625165343915344,3781,0.20717592592592593,1253,0.12053571428571429,729,0.08432539682539683,510
